,volume,isoelectric_point,polarity,hydrophobicity,alpha,beta,surface,turn,mjenergy,AF_PC1,AF_PC2,AF_PC3,AF_PC4,AF_PC5,BLOSUM_PC1,BLOSUM_PC2,BLOSUM_PC3,BLOSUM_PC4,BLOSUM_PC5,PP_PC1,PP_PC2,PP_PC3,F_PC1,F_PC2,F_PC3,F_PC4,F_PC5,KF_PC1,KF_PC2,KF_PC3,KF_PC4,KF_PC5,E_PC1,E_PC2,E_PC3,E_PC4,E_PC5,PD_PC1,PD_PC2,PRIN_PC1,PRIN_PC2,PRIN_PC3,ProtFP_PC1,ProtFP_PC2,ProtFP_PC3,ProtFP_PC4,ProtFP_PC5,VHSE_PC1,VHSE_PC2,VHSE_PC3,VHSE_PC4,VHSE_PC5,Z_PC1,Z_PC2,Z_PC3,Z_PC4,Z_PC5
A,-0.9702417081658791,0.2140754443195445,0.025152635480976432,0.8165583441218752,0.9208139850299846,-0.1173320494973595,0.7508428166944229,-0.28636339871640076,0.1722412175683201,-0.15842357455718742,-1.6998759872414566,-0.3374102300087149,1.507925463958254,-0.8330672032864783,1.8102534020601235,1.5853053859018247,-0.11211457944055636,-0.4965712648389557,0.5191858770114112,1.109753690533679,-1.3853216345741628,0.09406019358249744,-0.5182377806620041,-0.02170732771025506,1.5183395466445941,-1.1161306775632112,0.8391304708189348,-0.11569519405223476,-0.17094743188894773,-0.2452204076312266,-1.5543350625640584,1.4047225433650583,-0.27597753271389575,-1.5518501984925135,0.9969308437824481,0.011139182822618256,-1.6245542599928091,-0.33824110324851947,-1.836237873085301,-0.14458311877764035,-1.591168080124698,0.2751814341844349,0.24131118744355046,-1.3644801099690798,-0.32430255724085555,0.3080517810810575,0.15828253161586534,0.8837666181049548,-1.1811225919655803,-0.5462412422331955,0.32798977576122684,0.4071586546974016,-0.9363525339151504,0.1294278675972609,-0.25512739196456363,0.955097888411088,1.4693489217129163
C,-0.563391634093735,-0.18374322877563082,-0.8211595701142362,1.0685623220673037,0.373302966904048,-0.6272194744735393,-1.2734883067464227,-0.23899501697383818,-0.6161804233026192,-0.31412721587745746,-0.25974492241505986,-0.5424348509144501,-1.9216035006591585,-1.0030484121386523,0.5447083721206891,0.3596940226753988,-2.1573959342164413,1.8524458154005814,0.7843843754073966,0.5891493935668511,-0.7389487566837218,0.1260390983587601,0.4476989027796704,0.25386258316946436,-2.133096156871889,-0.5526814298955997,0.8581693342951509,-1.4599119923342945,-1.0699155198801482,0.924468638893659,0.36844463967109914,-1.2459087947250997,1.2128837626738578,-0.9929971849817966,-2.381467120521912,1.6393816654244935,0.6584216703933106,-0.8179239086438032,-0.5991446838650158,-2.546117812073039,-0.16467018049948676,-1.2911293707851235,0.8262013505499498,-1.7239431931772724,1.4944105353921031,-1.392110464433784,-0.11704412485542025,0.5549516908023742,-0.3431913021243525,0.580439871213908,-1.4840134838243442,2.369569062520967,0.5793410594650807,2.841626795087994,1.1846319084006898,-1.3551875507750948,0.7578853078320783
D,-0.5102353430089325,-1.1675958611615487,1.6201256383334928,-1.091471774607797,0.16038201541062796,-0.690955402595562,1.1152224189137747,1.2057406261743193,0.7863934727902634,-1.9676071283664154,1.127045455913139,-0.45925984974437484,0.6004239794857933,1.0033350097208793,-0.5506215107855531,0.48833647698390165,-0.2130206150703504,-0.2828622458444709,0.11957880763781782,-0.34219433085099776,0.5950901795747344,-2.700348611147412,-1.2412284404678848,-0.03825476830799657,-0.6726635953219998,-0.6179981323387383,1.1719901304333789,0.7366067104600194,0.36309218460618625,-0.5488323810833252,-0.7623234932118168,0.9234112330172126,-0.2824589329454609,-0.8390874361188663,0.94890770332209,0.8519837097289836,1.1558339445670052,-1.2398644854164904,0.550203870117792,0.3019771804155857,-0.359315592858413,-1.5866165564351924,-0.5830778157950043,0.25816736775873017,-0.4096673570355588,-0.8297013183376278,1.0708298500788578,-1.0236882954552666,-0.7315050512319031,1.8824581046917315,-1.8005724759230863,-1.5768093718249119,-1.1471806117865766,0.1766221202254724,1.8728425622470712,0.41789039284180374,-1.0548089493605366
E,0.0479057133814963,-0.9751029548251733,1.392272352211705,-1.091471774607797,1.3770731668015983,-0.595351510412528,1.7225217559460284,0.23468880045178717,0.7653464455379693,0.38067274585775607,0.5473706716379849,-0.9848396257999238,1.8942925785176756,2.463521204955421,-0.4624026936529023,1.5041255990994933,-0.679586212032265,-0.429276647208109,0.7434917853079338,-0.8090873542870234,0.7167114844359725,-2.20406559725443,-0.56257495527745,-0.5173886777263662,0.7558049879941827,0.08138755518696932,2.5264491993120473,-0.8531019017039115,-0.3393056142358233,-1.6021396075706158,-1.7566137995915512,1.1011113731318363,-1.149841990975276,-1.960278255333127,1.3375635692074648,-0.3439016704538003,0.6860460101084629,-0.8713823991842249,0.9914904684486856,0.5721788433483411,-0.003266603268970424,-1.1752294795463034,-1.088235203983211,1.483162144168931,-1.129900667440898,-0.9198813297884918,2.103073013962249,-0.8853246578199417,-0.8135231482590976,0.5841883198684149,-0.7012512183161742,-2.227120056405387,-1.0568348553879172,0.1000724713549144,0.740006081520719,-1.0082274311904165,-1.8054660692307392
F,1.1008091714073962,-0.008360803002488882,-0.9188109784521453,1.1765640269010587,0.25163385176495084,1.2211224410651125,-0.7066755921829859,-0.7600472161420263,-1.6559035695659508,0.7254654611801075,-0.7372669131786599,-0.7593183510140209,-0.7317290296168191,0.6539193484045442,0.030798345582797267,0.053494988076505164,0.39503986336837527,-1.8681253030047815,-1.3857872166327814,-1.7967059170288766,-0.8707587840812636,0.48229663814878876,1.0501930237473185,1.3408708377551148,0.4328851178510787,0.10250331948593851,-0.4245861937176,0.10710852132226008,1.6889130784914046,0.13915487474332683,0.17365119106648888,-1.4380909409381821,1.162402953002599,-0.1637478939395754,-0.021927139878162152,-1.4423061012755989,-0.03640322299529707,1.9010912593689382,-0.23674254110041523,-1.0224380185279276,0.9416346312361683,0.9031205875593867,-1.0927884651167648,-1.4368947514445662,-0.5564123320201821,0.01664499358702795,-0.7832640788518862,0.7611356603766438,1.3294746502254808,0.011470999802201672,-0.7585606287042769,-0.04266524621609686,1.1892294240578676,0.6404867434150526,-0.19842698665179243,1.031866502440648,-1.1373680808987123
G,-1.552916437364678,0.20124258389711938,0.318106860494704,0.024545842007671587,-1.2996473662585366,-0.053596121375336966,0.9532759290385076,1.7504770162137884,0.46395301528511695,0.5868922729171416,-0.5576464412023016,2.349153410517959,-0.6587638033633381,-0.7367314412993886,1.4075020165958299,0.8032193247436964,0.797102429258376,0.6628614730707492,-0.8010246763527399,1.6927566401768288,-1.351806193737065,-0.017057729906452282,-1.8954549165092196,0.1350921691342859,-0.5309794205306814,-2.402077120899041,-1.584849285689063,2.365481381393062,-2.210569879778301,0.8412847992805192,-1.5399143618497315,-1.2018355225027735,1.2546962945757627,0.18337783799531304,1.29169232565436,1.9801784189744924,-1.0337465003057762,-1.52204479040068,-1.5070678371703632,0.26965171923838344,-2.277579272470038,0.23199430177785166,-0.8788768131799313,0.2662680159601639,3.5631429138649247,-0.36293849274446227,-0.08068837656949153,-0.6154894289689106,-2.501975693976689,-2.745029935938581,0.4272037133790438,-0.6298428255293493,-1.1038057735351814,1.016480334242742,-0.3190500108075318,-1.1734904548390181,1.555339950849727
H,0.3504876780180653,0.8942170467080702,0.7738134327382802,-0.9834700697740422,0.7078930335365645,0.4562913036008429,-0.8686220820582536,-0.4995211165579324,0.10362790872584102,-0.20910087628680252,1.1277209642339103,-1.2168953800978621,-0.44232472471843387,-1.7559896651491265,-0.8088274699174207,-2.20901477302951,-1.8996102422534875,-0.28860247834977654,1.3013722803664713,0.46733957979167945,1.0961747242520847,0.2760839340317933,0.4362393499487966,-0.1276285979296753,-1.0471464139961664,0.632102138140041,1.0464242369049608,0.7173934894754107,2.4175040489727344,-0.6708116733440961,0.22098536361649906,0.11543066811951808,-0.07622198899950368,-0.8037287137182422,-0.5468757588556739,0.09104659433979435,1.2295237025854395,-0.5256674917932895,1.1481140564835273,-0.2526849826996847,0.675157050992714,-0.6903831862765439,1.6655902921984038,-0.19656056289912144,0.027058780826955616,-0.636885030379301,1.5009989412590388,-0.907457126938802,0.0835644652684761,0.4012463488642392,0.5311015436254325,1.1130919977047662,1.2081323064207619,-1.072936052072924,1.2074481850647307,-0.03303656244619913,2.0665438061971746
I,0.6264914971122332,0.222630684601161,-0.9188109784521453,1.7885736876256706,-0.05253893608279207,1.6354059738582583,-0.4637558573700845,-0.9258365522409951,-1.3393562796914462,0.8254277171997234,-1.3923196709562775,-0.22241428342198824,-0.3940071592530162,0.4552518522339682,-1.1774282526687505,0.07002485116446025,1.5564258640773467,-0.421897340071787,0.8076189227296011,-0.5313814086008828,-1.1389850601795994,0.36186034082774665,1.0584643298043113,0.9731714514893797,1.1087596598727476,-0.5053906467701325,-0.7171248664541899,-0.22423211154557582,0.03926027010405904,-0.8787709724350442,1.9568455283638773,0.4404096092868876,0.377681910547505,0.34530503994259876,-0.879485161629039,-1.0023233673171879,-1.4405217987032644,1.1509730438292807,-0.7687324532069486,-0.7013475808062242,-0.029231710033539828,1.5142984517682627,0.33345821743928705,0.974062384377181,-1.0176999478994935,-1.4915797172119836,-1.1907127209970572,1.7214494057839123,0.25450515864440226,-0.199168414213402,0.7795882615149381,-0.6067021626195024,-0.2897017055156964,0.04860303836416631,-2.000063918752226,0.2845155375971382,-0.4272808974263517
K,0.6653364790588199,1.813905376981863,1.0667676577520078,-1.2354740477194706,0.7383103123213388,-0.5316155822905055,1.3581421537266765,0.139952036966662,1.0616885892502712,0.8449999456119764,1.4434384891693302,0.055490773667654564,1.4334408433877937,-1.1280482983452926,-0.5277444842816267,1.0394592033506214,-0.772270556080284,-0.08908924189432353,-2.1053333522776847,1.0492450416667936,1.3488512990422015,1.4139268342288493,0.39813464338023363,-1.7101981971235751,0.3840680356351831,0.505057025914992,-0.19818915695868947,0.8203653830207609,0.8501865439025778,0.4913444116524918,-0.7819657502785784,0.4732874869768493,-2.1654020156949803,0.7716432654828452,0.681385146595001,-0.6274891685702569,0.2448965271566013,-0.5501193071144548,1.2400550743728533,2.0307114651770384,0.961162238972866,-0.06463456942891171,-0.4656974051743597,0.8660574573269524,-0.23473277678687207,2.6126467947382794,0.49256445401224236,-1.5714640172722405,0.5420965270845524,-0.6870855235077625,1.5028408084369849,0.860542675658851,0.21456899381959613,-1.7079568128909366,-0.12555933288563206,-0.9313402711199683,0.6294460218855903
L,0.6264914971122332,0.205520204037928,-1.0164623867900544,1.536569709680242,0.9512312638147589,0.2650835192347753,0.6698695717567889,-0.736363025270745,-1.6609548561065006,-0.6378453272530953,-1.7466376716600753,-0.5095748052296362,0.8378539584666999,-0.7136407460438561,-1.3492427923510804,0.08206164566998428,1.2820690051535955,0.189696326170488,-0.021557549621067432,-0.7193139475823209,-1.0643731768960887,0.36848825409094554,0.54406019339869,0.9216078898035481,2.60466975138726,-0.4144311917457814,-0.1321549094951358,-1.0076518547362594,1.1029507060647632,2.017664755290892,-1.1414792787682717,0.48255896884073446,0.08591733541305804,-0.36692131835734454,0.6219529748903181,-1.56405080781209,-1.6543809323986616,1.212911010145122,-0.8231815578215429,-0.508897833505961,-0.01928682475382461,1.3600715042415854,-0.6158783581330156,0.028734741420399192,-1.1274890078405537,-0.7750330698152207,-0.42075089259175286,1.2202804407503391,0.33767944589800797,-0.9228965694413405,0.4426712073572163,-0.8869660961401329,-0.31968983265726614,-0.17797648922486914,-1.910857839174533,0.988366579808509,-0.4038698115689694
M,0.5488015332190603,0.10285732065852782,-0.7560586312222968,0.8525589123997936,1.4683250031559212,0.105743698929719,-1.2330016842776057,-1.2100468426963704,-0.960930729695197,1.3078742469536597,-0.3248433213810502,-1.6563486735562223,-0.3534221783610074,-0.31264991139182463,-1.5852165044129953,0.13401122971726007,1.089035964075029,0.8393302535091274,0.2852006499607747,-0.48975843437572736,-0.9041369772132747,0.5434210628246344,0.9628738119194932,0.822553660851571,-0.048679699409139826,0.0860086492535689,1.638870646801166,-0.5038658089497065,0.6083314941269818,-1.1861972550381408,-1.088896998653588,-1.3545398028379791,0.49660786129911244,-1.7682806510227547,-0.758654433104845,-0.7109079537355619,0.40118897475244203,1.3774029519279187,-0.6877634787081335,-1.2866048499585838,0.4262755107671664,0.12992230803043373,0.02893692021118585,-2.4740842083725636,-1.165471580421768,0.07973800533771191,0.5951995499336872,0.6963715183581682,0.4385324672906527,-0.5376537495221793,-0.7519510817952578,0.6281730649969666,1.1354208052864385,0.6779842608821331,-0.5609388027209267,0.008458639604409984,0.7916821694131426
N,-0.4489011609880062,-0.03830414398814737,1.1644190660899167,-1.091471774607797,-0.2654598875762118,-0.5634835463515169,0.26500334706861967,0.8978461448476629,0.5902351787988818,0.5133152879797557,0.9883891886124822,0.9969136098596435,-0.020570603108065445,0.6200135573012068,-0.4674891761920229,-2.299693216801171,0.4186121063315626,1.1054779136455855,-1.5347172670132996,0.6206793161358215,0.9072449953759305,-0.8537552983749567,-0.7650622497602508,-0.34981616783421393,-1.1231870295374649,-0.4400819820447346,-0.0985616461407338,1.649862921631602,-0.5279122695055151,-1.4137223606047076,1.175283904742314,-0.5531463342365821,-0.1705503316236085,0.21235963679734568,0.21779043715077318,1.1580036016346216,0.8212612471404234,-0.8298562913392139,0.32009383429577665,0.18897444784070278,-0.14887614124605117,-1.3319803173190696,1.4311892705856106,1.5874622759491601,0.60307508055395,-0.7481449102845436,0.6921186794099684,-1.0680865816502518,-0.5570173866578723,-0.46284687929388285,-0.8424197947199636,0.062128728059558234,-0.8435001558846884,-0.7596991414849004,1.4990969846124478,1.1756234344505707,-0.5065367281007432
P,-0.47752377926443823,0.3424040485437946,-0.007397833964993174,-0.4074609773273486,-1.4213164813976338,-0.9458991150836515,0.3054899695374366,2.389950169738383,0.5110983563302559,-1.276934492416381,0.42631165557183914,1.6784672737410864,-0.766649479102144,0.9914093740597145,0.541693485058495,-0.8320587939519483,-0.5288336320407624,-2.0596501205657396,0.38676781159292367,0.1086385163750295,-1.1275616607443457,-0.007784775699937305,-2.493264162220353,1.5980822956108802,0.2421761023481073,3.2477846128146597,-0.5775122328517073,0.283847233235257,-0.10362001308133273,1.4270177759907465,0.24480567428948954,-1.1565414147198347,1.44705512505934,1.7608826916685694,2.216571244633337,0.217867343919844,0.455289416358875,-0.0033926990161889,-0.9339046113346505,1.9934171873576174,-0.995905229279837,2.0613284251806503,1.0714117519506932,0.890976546179977,-0.5604458675639622,1.14759827119555,-2.268353001692056,0.48851799654384104,-0.3792715147609317,2.288008035933784,2.678767473044402,-0.8907940398404861,-0.20759016080405676,-0.12286385528129938,0.34816141183858945,2.7227461025834168,0.9383013059912387
Q,0.1583072410191636,0.06435873939125283,0.8063639021842498,-1.091471774607797,0.859979427460436,-0.43601169010747176,0.1840301021309858,0.1636362278379433,0.6731604661729208,-1.2432626770062412,1.0671039955355008,-0.7332440126510048,0.5973295016928922,-0.34435081988584176,-0.7651759809539617,0.9850021237310523,-0.7652989438959518,0.6145949410878692,0.7819895187181491,-0.30427262263235183,0.8631534391496465,-1.0125357443569294,0.16003318968588306,-0.8361582637983445,-0.33402188734125426,0.4521096117028568,0.49175294892064153,-0.009028010947471174,-0.7065333554972361,-1.8515462281675117,0.8120973364474043,-0.25919503516543413,-1.051344933892102,-0.12367303170241664,-0.24261144145127583,0.228142347718097,0.5683373033507383,-0.6582103880559861,0.9282533421357384,0.5949749763170457,0.24368982414455567,-0.9688927772810737,0.07548444332155535,0.026651803963889508,0.03569544111520254,0.9365725476200841,0.9911304824447407,-0.5173187202720526,0.05487982446136095,0.031956808032403076,-0.4941409045510129,0.4718211834033386,-0.7091817562833259,-0.9495420547180692,-3.6311019096259644e-06,-0.3011889691863115,-0.8926199939380746
R,0.763471170292302,2.250222631344313,0.8063639021842498,-1.4514774573869809,-0.08295621486756637,0.16947962705174152,0.5079230818815211,-0.049521490003588096,0.5456154810240182,1.32185932026921,0.8820057532160652,1.1118863359432958,1.3469423593100027,-1.5813475545484477,-0.8914544544690154,0.3532053529727381,-0.9419440593757424,0.6612074679900801,-2.0733987608776574,0.33529983028286686,1.8982790983251532,1.9995363809104827,1.1010999776990837,-2.234160897279763,-0.17716652748486886,1.4179586570051685,-1.183774592726646,-1.363059822270445,-0.9120454108610256,0.5233404316902104,1.230083255391588,1.1318829355248388,-2.2255148948203822,1.4238903949093256,-0.9066017537466377,-0.1953772911291993,0.5420910080298866,-0.04976500851015837,1.8568828781084215,1.4723013049299294,1.6194447179525515,-0.8489316151044729,0.36724627005434446,0.09194777953176082,0.35280038171379174,1.8316553156310194,1.0825790123845722,-2.219459760140515,1.1476712233596678,0.13683088732671495,1.3350044105902932,0.7502558383431208,0.6842923845031579,-2.4032232454710134,0.18330300788728993,-1.7383254213377584,0.10267309994781117
S,-0.9620638172297554,0.07719159981367758,0.38320779938664323,-0.11945643110400181,-0.5087981178544061,0.042007770807696465,0.993762551507324,1.0162670992040694,0.6247523034926445,-2.370626551196137,-0.10328999796668552,0.8177761103600765,-0.3071111027252529,-0.7020785092286451,1.634575378527546,-0.027346994689608266,0.18549100955994716,-0.025925447587139477,-0.6062719194462869,1.6832827782073438,0.43716826985579615,-0.26544569178607447,-1.0238595768505072,-0.4301971013788103,-0.028210115470702117,-0.467021009592596,-0.6211613230746605,0.5903579230404379,-0.7575840621191581,0.22180818952233225,0.31808334529434273,1.4857582847613604,-0.23418762657899073,0.6321485364906226,-0.0035732969399959492,1.4756181958504502,-0.6631087379759436,-1.1614032030658534,-0.6080365754228101,0.07455479767374225,-1.209307488532041,-0.7568900232377388,1.3301424549176104,-0.15812399383031825,0.2450811603714445,0.5084705279150502,-0.25981847094783134,0.20124212944880285,-0.8703555457153237,0.6563058756087224,-0.562575932128729,0.9755651246983854,-1.0537924179853753,0.3197601095660832,0.7455238044677769,0.23899567315418188,0.24204544898131405
T,-0.4080117063073887,0.04297063868721084,0.18790498271082504,-0.08345586282608343,-0.5087981178544061,0.8705748363939887,0.7508428166944229,0.30574137306563104,0.366715749379518,0.8261812029809833,-0.5702490452598518,1.1270154579702556,0.28598289379918007,0.7052325096662945,1.84466581683811,-1.5011114655900928,1.2028224296894061,0.23259811224158009,-0.039641527536483284,1.1606958384730723,0.45309305801547706,-0.290807803493406,-0.302672635452714,-0.3364866260462804,0.08458207485252409,-0.05883647941313843,-0.7715004657727437,-0.29901670806846836,-1.1458677792360812,0.7705009062839456,0.7772387093760217,0.8139701500891412,-0.41776905571865386,0.8126702121074728,-0.579523167367549,0.8757923166439752,-0.8251226906172785,-0.6500785474076792,-0.24212906003603504,0.23825170465676415,-0.8029312453196553,-0.2610995415748683,0.7722187476269649,-0.39771447621298706,0.060792954402835685,0.7623378866930279,-0.9491254864359643,0.5944250390164451,-0.369942442277466,0.9584655671003391,-0.18341430866113928,0.782183192853685,-0.8049384685847544,0.2800076467817618,-0.7567702509869861,-1.187119425105493,-0.12027602030082381
V,0.08061727712599016,0.19696496375631115,-0.6909576923303572,1.6805719827919157,-0.23504260879143749,1.7628778301023031,0.06257023472453525,-1.0205733157261203,-0.8780054423211584,-0.6504451858158871,-1.8504282414602287,-0.025413503728047394,0.1106726279258738,0.7276661686128124,-0.485692432068187,0.49040023383295217,1.4213439497096814,-0.4903201433362166,1.4668449435488586,0.034038004495631304,-1.4138474345474508,-0.052671267466342445,0.1413244521523865,-1.7689376814549895,0.9333993143142811,0.03797339410791068,-0.40293039368354333,0.3343159426016118,0.6438786997793957,0.9614205183219207,0.8743192167348907,1.2408746801444552,-0.11452551863388931,0.33597412515288816,-1.3373208916130304,-0.24135019511795786,-1.9167429573274075,0.6797653477808075,-1.1672647122300428,-0.7782253293691475,-0.5588401417972663,0.9711115005513201,0.40361661085056444,0.6188766598198637,-0.5651587927087243,-1.132989593923552,-1.1128143729821762,1.6906958622134,-0.3344518574225729,0.08313746601199005,0.6499987320236357,0.1704045706866576,-0.5082971043840708,0.2910076624222755,-1.8298469427649313,-0.29546730445070285,0.10452187042263662
W,1.8756643376050974,0.16702162277065266,-0.8537100395602059,-0.15545699938192017,0.008295621486756511,0.6474990879669098,-1.3949481741528735,-0.35741597133024466,-0.9154691508302422,0.2997890745255139,0.8210200929761977,-1.3490483354819636,-1.9446534422412036,0.2624199131821433,1.005732703621686,-0.3949353698663554,0.5979159207910401,1.9370959207627627,1.0433344394837223,-2.2624957762399474,0.6296587626456106,0.8895747342536546,1.4607789251791834,1.4729433279062454,-1.1608487396505742,0.09231316327640073,-0.19785531843992563,-2.2438372692249198,-0.49090319850908953,-0.7485526849276969,-0.5414088763985615,-1.4362913112525308,1.4811266467631714,0.40335696888684525,0.05703778660472166,-1.810673304949891,1.5729373744784547,1.735002681495237,1.4740383944248945,-0.39595235021325964,1.9091043479658067,1.219003290315272,-2.6576228113738787,-0.30203930836924,0.19410499585308272,0.01686688393914484,-0.42722848063967567,0.1791006481486639,2.2762732129439285,-1.0397400299619746,-0.5052534560773414,-1.1580512524072737,2.7311343474939145,0.11485585971466314,0.09240453048247721,0.42383546116409,-0.5053232988574349
Y,1.1764546625665384,0.06863635953206108,-0.5933062839924481,-0.29945927249359355,-0.8129709057021487,0.9980466926380336,-0.5447291023077183,0.3531097548081936,-0.5896611689647286,1.1958957500039515,0.8118959397198948,0.6594989334122044,-1.0740291767204748,1.22818361684592,0.24625875720704452,-0.7015164777531299,-0.8891033830722325,-1.6707877551425028,0.3181317227345767,-1.076937393593695,0.7244842976825053,0.3771565073246099,0.9747948600650449,0.6753125515486921,-0.837336332797081,-0.01960689105929019,-1.608910544800228,0.4749861344880009,0.7223830604719945,0.826873861229051,1.0124637233029308,-0.9660541269212941,0.6453217084627815,1.6888570904222546,-0.7128166363963051,-0.590396060203422,0.8595326630805654,1.1614645712766967,0.9004121213215011,-0.10014081376317407,1.383913670927351,0.30975519861896916,-1.1651826964591134,0.9614387428989033,0.5157483530139281,0.06834986986648846,-1.076539717523985,-0.18237528595827493,1.6214081849345805,-0.4739040299377566,-0.5906430789491824,-0.5735960934054392,1.240745747705684,0.5602218068266877,0.08806599381948903,-0.22507753426356555,-1.8051950442627418
X,-2.781644550517233,-2.3524966401654583,-2.611435389642571,0.16854811511934498,-3.0030149782058957,-2.9854488149883704,-1.8807876437786764,-2.1337302866763403,2.567813859424441,1.647912532061556e-09,3.0676508665550767e-09,-1.911983304053656e-09,-3.3376255358214497e-09,3.167324562706207e-09,0.0025537370705973955,0.00866832688096316,0.006659807731856964,0.01389988198248956,0.004915567629181473,-0.25936572225688714,0.1629150351509299,0.2360142704515887,0.03332952872014373,0.08871876966054404,0.014325663755931509,-0.03047128278312155,-0.02683801884070632,-0.0004624834175677221,-0.0006477759637196129,0.00045720395163475125,0.001317866509605227,-0.0009073249790900336,5.061239977775518e-05,4.944190527786563e-05,0.0005123848319560815,-0.00018872824620166733,-0.00038937084288365105,-0.0003306213137293629,0.00033067213603439713,-4.6863025460756313e-07,-1.7413876798036433e-06,2.1738056598394777e-07,0.00027602603277954445,1.7342459618022794e-05,-0.0003148550746750005,0.0001655246572626541,-0.00021839550696253808,-0.0006365675356443664,-0.0018643128596608947,2.9044797812601904e-05,-0.00018478104133275327,0.000826525382440429,-0.0009998460142210386,-0.0014795326685972763,-0.002419681265123616,0.0005323563293356967,0.00047849535574856077
U,0.6540918790216504,-2.1386156331250414,0.6436115549544013,-0.011454726270246754,0.373302966904048,-0.6272194744735393,-1.2734883067464227,-0.23899501697383818,-0.6161804233026192,1.647912532061556e-09,3.0676508665550767e-09,-1.911983304053656e-09,-3.3376255358214497e-09,3.167324562706207e-09,0.0025537370705973955,0.00866832688096316,0.006659807731856964,0.01389988198248956,0.004915567629181473,-0.25936572225688714,0.1629150351509299,0.2360142704515887,0.03332952872014373,0.08871876966054404,0.014325663755931509,-0.03047128278312155,-0.02683801884070632,-0.0004624834175677221,-0.0006477759637196129,0.00045720395163475125,0.001317866509605227,-0.0009073249790900336,5.061239977775518e-05,4.944190527786563e-05,0.0005123848319560815,-0.00018872824620166733,-0.00038937084288365105,-0.0003306213137293629,0.00033067213603439713,-4.6863025460756313e-07,-1.7413876798036433e-06,2.1738056598394777e-07,0.00027602603277954445,1.7342459618022794e-05,-0.0003148550746750005,0.0001655246572626541,-0.00021839550696253808,-0.0006365675356443664,-0.0018643128596608947,2.9044797812601904e-05,-0.00018478104133275327,0.000826525382440429,-0.0009998460142210386,-0.0014795326685972763,-0.002419681265123616,0.0005323563293356967,0.00047849535574856077
